sku	analyte	db_val	db_unit	eda_avg	eda_unit	n	db_norm_mg100	eda_norm_mg100	delta_pct	flag
SF-BAK-ATS-SHP-002	epa	471.0	mg	0.4167	g/100g	6	471.0000	416.6996	-11.53	MISMATCH
SF-BAK-ATS-SHP-002	dha	833.0	mg	0.7375	g/100g	6	833.0000	737.5038	-11.46	MISMATCH
SF-BAK-ATS-SHP-002	ala	950.0	mg	0.8405	g/100g	6	950.0000	840.4962	-11.53	MISMATCH
SF-BAK-ATS-SHP-002	ara	80.0	mg	0.0358	g/100g	6	80.0000	35.7665	-55.29	MISMATCH
SF-BAK-ATS-SHP-002	omega6	1450.0	mg	1.4982	g/100g	6	1450.0000	1498.1566	+3.32	OK
SF-BAK-ATS-SHP-002	total_omega3	2254.0	mg	2.3532	g/100g	6	2254.0000	2353.1807	+4.40	OK
SF-BAK-ATS-SHP-002	omega6_3_ratio	0.645	ratio	0.6452	#	6	0.6450	0.6452	+0.03	OK
SF-BAK-ATS-SHP-002	protein	21.3	g	21.5500	g/100g	6	21300.0000	21550.0000	+1.17	OK
SF-BAK-ATS-SHP-002	selenium	18.6	mcg	16.5000	mcg/100g	6	0.0186	0.0165	-11.29	MISMATCH
SF-BAK-ATS-SHP-002	zinc	304.4	mcg	0.3339	mg/100g	6	0.3044	0.3339	+9.68	MISMATCH
SF-BAK-ATS-SHP-002	copper	17.16	mcg	0.0269	mg/100g	6	0.0172	0.0269	+56.76	MISMATCH
SF-BAK-ATS-SHP-002	magnesium	27.12	mg	36.4188	mg/100g	6	27.1200	36.4188	+34.29	MISMATCH
SF-BAK-ATS-SHP-002	phosphorus	265.8	mg	261.6829	mg/100g	6	265.8000	261.6829	-1.55	OK
SF-BAK-ATS-SHP-002	manganese	8.89	mcg	0.0118	mg/100g	6	0.0089	0.0118	+32.55	MISMATCH
SF-BAK-ATS-SHP-002	vitamin_d	8.76	mcg	7.7517	mcg/100g	6	0.0088	0.0078	-11.51	MISMATCH
SF-BAK-ATS-SHP-002	arsenic	92.24	mcg	179.4000	mcg/100g	6	0.0922	0.1794	+94.49	MISMATCH
SF-BGB-KGS-SHP-001	epa	546.0	mg	0.4834	g/100g	2	546.0000	483.4139	-11.46	MISMATCH
SF-BGB-KGS-SHP-001	dha	885.0	mg	0.7834	g/100g	2	885.0000	783.3818	-11.48	MISMATCH
SF-BGB-KGS-SHP-001	ala	1050.0	mg	0.9280	g/100g	2	1050.0000	927.9620	-11.62	MISMATCH
SF-BGB-KGS-SHP-001	ara	90.0	mg	0.1533	g/100g	2	90.0000	153.2553	+70.28	MISMATCH
SF-BGB-KGS-SHP-001	omega6	2480.0	mg	2.1681	g/100g	2	2480.0000	2168.1422	-12.57	MISMATCH
SF-BGB-KGS-SHP-001	total_omega3	2481.0	mg	2.5307	g/100g	2	2481.0000	2530.7388	+2.00	OK
SF-BGB-KGS-SHP-001	omega6_3_ratio	0.869	ratio	0.8688	#	2	0.8690	0.8688	-0.03	OK
SF-BGB-KGS-SHP-001	protein	18.9	g	19.8000	g/100g	2	18900.0000	19800.0000	+4.76	OK
SF-BGB-KGS-SHP-001	selenium	31.4	mcg	27.8000	mcg/100g	2	0.0314	0.0278	-11.46	MISMATCH
SF-BGB-KGS-SHP-001	zinc	268.6	mcg	0.4202	mg/100g	2	0.2686	0.4202	+56.42	MISMATCH
SF-BGB-KGS-SHP-001	copper	15.41	mcg	0.0282	mg/100g	2	0.0154	0.0282	+83.00	MISMATCH
SF-BGB-KGS-SHP-001	magnesium	25.74	mg	28.8828	mg/100g	2	25.7400	28.8828	+12.21	MISMATCH
SF-BGB-KGS-SHP-001	phosphorus	221.4	mg	227.1056	mg/100g	2	221.4000	227.1056	+2.58	OK
SF-BGB-KGS-SHP-001	manganese	4.22	mcg	0.0120	mg/100g	2	0.0042	0.0120	+184.36	MISMATCH
SF-BGB-KGS-SHP-001	vitamin_d	21.6	mcg	19.0900	mcg/100g	2	0.0216	0.0191	-11.62	MISMATCH
SF-BGB-KGS-SHP-001	arsenic	18.79	mcg	24.0000	mcg/100g	2	0.0188	0.0240	+27.73	MISMATCH
SF-MCA-KGS-SHP-001	epa	457.0	mg	0.4041	g/100g	2	457.0000	404.0864	-11.58	MISMATCH
SF-MCA-KGS-SHP-001	dha	862.0	mg	0.7626	g/100g	2	862.0000	762.5974	-11.53	MISMATCH
SF-MCA-KGS-SHP-001	ala	1140.0	mg	1.0099	g/100g	2	1140.0000	1009.9403	-11.41	MISMATCH
SF-MCA-KGS-SHP-001	ara	37.0	mg	0.1240	g/100g	2	37.0000	124.0159	+235.18	MISMATCH
SF-MCA-KGS-SHP-001	omega6	2380.0	mg	2.0853	g/100g	2	2380.0000	2085.3453	-12.38	MISMATCH
SF-MCA-KGS-SHP-001	total_omega3	2459.0	mg	2.4811	g/100g	2	2459.0000	2481.0971	+0.90	OK
SF-MCA-KGS-SHP-001	omega6_3_ratio	0.853	ratio	0.8525	#	2	0.8530	0.8525	-0.06	OK
SF-MCA-KGS-SHP-001	protein	18.9	g	19.7000	g/100g	2	18900.0000	19700.0000	+4.23	OK
SF-MCA-KGS-SHP-001	selenium	39.3	mcg	34.8000	mcg/100g	2	0.0393	0.0348	-11.45	MISMATCH
SF-MCA-KGS-SHP-001	zinc	291.4	mcg	0.4644	mg/100g	2	0.2914	0.4644	+59.39	MISMATCH
SF-MCA-KGS-SHP-001	copper	18.69	mcg	0.0287	mg/100g	2	0.0187	0.0287	+53.83	MISMATCH
SF-MCA-KGS-SHP-001	magnesium	23.26	mg	29.8541	mg/100g	2	23.2600	29.8541	+28.35	MISMATCH
SF-MCA-KGS-SHP-001	phosphorus	214.8	mg	240.6091	mg/100g	2	214.8000	240.6091	+12.02	MISMATCH
SF-MCA-KGS-SHP-001	manganese	4.98	mcg	0.0234	mg/100g	2	0.0050	0.0234	+368.88	MISMATCH
SF-MCA-KGS-SHP-001	vitamin_d	23.8	mcg	21.1100	mcg/100g	2	0.0238	0.0211	-11.30	MISMATCH
SF-MCA-KGS-SHP-001	arsenic	8.28	mcg	17.7000	mcg/100g	2	0.0083	0.0177	+113.77	MISMATCH
SF-OKS-KGS-SHP-001	epa	536.0	mg	0.4741	g/100g	2	536.0000	474.0527	-11.56	MISMATCH
SF-OKS-KGS-SHP-001	dha	1070.0	mg	0.9510	g/100g	2	1070.0000	950.9873	-11.12	MISMATCH
SF-OKS-KGS-SHP-001	ala	1210.0	mg	1.0717	g/100g	2	1210.0000	1071.7415	-11.43	MISMATCH
SF-OKS-KGS-SHP-001	ara	80.0	mg	0.2041	g/100g	2	80.0000	204.1419	+155.18	MISMATCH
SF-OKS-KGS-SHP-001	omega6	2760.0	mg	2.4130	g/100g	2	2760.0000	2413.0431	-12.57	MISMATCH
SF-OKS-KGS-SHP-001	total_omega3	2816.0	mg	2.8577	g/100g	2	2816.0000	2857.7184	+1.48	OK
SF-OKS-KGS-SHP-001	omega6_3_ratio	0.854	ratio	0.8536	#	2	0.8540	0.8536	-0.04	OK
SF-OKS-KGS-SHP-001	protein	18.6	g	19.4000	g/100g	2	18600.0000	19400.0000	+4.30	OK
SF-OKS-KGS-SHP-001	selenium	29.8	mcg	26.3500	mcg/100g	2	0.0298	0.0264	-11.58	MISMATCH
SF-OKS-KGS-SHP-001	zinc	284.0	mcg	0.4903	mg/100g	2	0.2840	0.4903	+72.64	MISMATCH
SF-OKS-KGS-SHP-001	copper	15.82	mcg	0.0212	mg/100g	2	0.0158	0.0212	+34.01	MISMATCH
SF-OKS-KGS-SHP-001	magnesium	24.84	mg	29.0797	mg/100g	2	24.8400	29.0797	+17.07	MISMATCH
SF-OKS-KGS-SHP-001	phosphorus	236.1	mg	225.5004	mg/100g	2	236.1000	225.5004	-4.49	OK
SF-OKS-KGS-SHP-001	manganese	4.56	mcg	0.0149	mg/100g	2	0.0046	0.0149	+225.66	MISMATCH
SF-OKS-KGS-SHP-001	vitamin_d	20.0	mcg	20.5050	mcg/100g	2	0.0200	0.0205	+2.53	OK
SF-OKS-KGS-SHP-001	arsenic	9.43	mcg	18.8500	mcg/100g	2	0.0094	0.0189	+99.89	MISMATCH
SF-HVF-STT-SHP-001	epa	376.0	mg	0.3324	g/100g	3	376.0000	332.3869	-11.60	MISMATCH
SF-HVF-STT-SHP-001	dha	1040.0	mg	0.9188	g/100g	3	1040.0000	918.8433	-11.65	MISMATCH
SF-HVF-STT-SHP-001	ala	1620.0	mg	1.4298	g/100g	3	1620.0000	1429.7854	-11.74	MISMATCH
SF-HVF-STT-SHP-001	ara	0.0	mg	0.0928	g/100g	3	0.0000	92.7965	+inf	MISMATCH
SF-HVF-STT-SHP-001	omega6	852.0	mg	2.4993	g/100g	3	852.0000	2499.2972	+193.34	MISMATCH
SF-HVF-STT-SHP-001	total_omega3	3036.0	mg	3.0229	g/100g	3	3036.0000	3022.8530	-0.43	OK
SF-HVF-STT-SHP-001	omega6_3_ratio	0.416	ratio	0.8334	#	3	0.4160	0.8334	+100.34	MISMATCH
SF-HVF-STT-SHP-001	protein	19.5	g	20.0000	g/100g	3	19500.0000	20000.0000	+2.56	OK
SF-HVF-STT-SHP-001	selenium	17.7	mcg	15.7000	mcg/100g	3	0.0177	0.0157	-11.30	MISMATCH
SF-HVF-STT-SHP-001	zinc	318.4	mcg	0.5307	mg/100g	3	0.3184	0.5307	+66.68	MISMATCH
SF-HVF-STT-SHP-001	copper	15.89	mcg	0.0293	mg/100g	3	0.0159	0.0293	+84.60	MISMATCH
SF-HVF-STT-SHP-001	magnesium	24.39	mg	32.3438	mg/100g	3	24.3900	32.3438	+32.61	MISMATCH
SF-HVF-STT-SHP-001	phosphorus	193.9	mg	255.8825	mg/100g	3	193.9000	255.8825	+31.97	MISMATCH
SF-HVF-STT-SHP-001	manganese	15.96	mcg	0.1026	mg/100g	3	0.0160	0.1026	+542.86	MISMATCH
SF-HVF-STT-SHP-001	vitamin_d	3.98	mcg	0.0000	mcg/100g	3	0.0040	0.0000	-100.00	MISMATCH
SF-HVF-STT-SHP-001	arsenic	31.79	mcg	72.7667	mcg/100g	3	0.0318	0.0728	+128.90	MISMATCH
SF-CLB-STT-SHP-001	epa	262.0	mg	0.2314	g/100g	3	262.0000	231.4250	-11.67	MISMATCH
SF-CLB-STT-SHP-001	dha	589.0	mg	0.5212	g/100g	3	589.0000	521.1516	-11.52	MISMATCH
SF-CLB-STT-SHP-001	ala	1330.0	mg	1.1728	g/100g	3	1330.0000	1172.8025	-11.82	MISMATCH
SF-CLB-STT-SHP-001	ara	96.1	mg	0.0642	g/100g	3	96.1000	64.2107	-33.18	MISMATCH
SF-CLB-STT-SHP-001	omega6	2460.0	mg	2.1733	g/100g	3	2460.0000	2173.3330	-11.65	MISMATCH
SF-CLB-STT-SHP-001	total_omega3	2181.0	mg	2.1186	g/100g	3	2181.0000	2118.5924	-2.86	OK
SF-CLB-STT-SHP-001	omega6_3_ratio	1.03	ratio	1.0256	#	3	1.0300	1.0256	-0.43	OK
SF-CLB-STT-SHP-001	protein	20.8	g	20.9333	g/100g	3	20800.0000	20933.3333	+0.64	OK
SF-CLB-STT-SHP-001	selenium	22.1	mcg	19.6000	mcg/100g	3	0.0221	0.0196	-11.31	MISMATCH
SF-CLB-STT-SHP-001	zinc	154.7	mcg	0.3894	mg/100g	3	0.1547	0.3894	+151.69	MISMATCH
SF-CLB-STT-SHP-001	copper	20.86	mcg	0.0250	mg/100g	3	0.0209	0.0250	+20.01	MISMATCH
SF-CLB-STT-SHP-001	magnesium	14.41	mg	32.7962	mg/100g	3	14.4100	32.7962	+127.59	MISMATCH
SF-CLB-STT-SHP-001	phosphorus	270.9	mg	246.3382	mg/100g	3	270.9000	246.3382	-9.07	MISMATCH
SF-CLB-STT-SHP-001	manganese	5.96	mcg	0.0418	mg/100g	3	0.0060	0.0418	+600.78	MISMATCH
SF-CLB-STT-SHP-001	vitamin_d	9.01	mcg	7.9767	mcg/100g	3	0.0090	0.0080	-11.47	MISMATCH
SF-CLB-STT-SHP-001	arsenic	13.0	mcg	36.8000	mcg/100g	3	0.0130	0.0368	+183.08	MISMATCH
SF-CLB-STT-SHP-001	cholesterol	41.0	mg	56.8039	mg/100g	3	41.0000	56.8039	+38.55	MISMATCH
SF-CLB-STT-SHP-002	epa	262.0	mg	0.2314	g/100g	3	262.0000	231.4250	-11.67	MISMATCH
SF-CLB-STT-SHP-002	dha	589.0	mg	0.5212	g/100g	3	589.0000	521.1516	-11.52	MISMATCH
SF-CLB-STT-SHP-002	ala	1330.0	mg	1.1728	g/100g	3	1330.0000	1172.8025	-11.82	MISMATCH
SF-CLB-STT-SHP-002	ara	96.1	mg	0.0642	g/100g	3	96.1000	64.2107	-33.18	MISMATCH
SF-CLB-STT-SHP-002	omega6	2460.0	mg	2.1733	g/100g	3	2460.0000	2173.3330	-11.65	MISMATCH
SF-CLB-STT-SHP-002	total_omega3	2181.0	mg	2.1186	g/100g	3	2181.0000	2118.5924	-2.86	OK
SF-CLB-STT-SHP-002	omega6_3_ratio	1.03	ratio	1.0256	#	3	1.0300	1.0256	-0.43	OK
SF-CLB-STT-SHP-002	protein	20.8	g	20.9333	g/100g	3	20800.0000	20933.3333	+0.64	OK
SF-CLB-STT-SHP-002	selenium	22.1	mcg	19.6000	mcg/100g	3	0.0221	0.0196	-11.31	MISMATCH
SF-CLB-STT-SHP-002	zinc	154.7	mcg	0.3894	mg/100g	3	0.1547	0.3894	+151.69	MISMATCH
SF-CLB-STT-SHP-002	copper	20.86	mcg	0.0250	mg/100g	3	0.0209	0.0250	+20.01	MISMATCH
SF-CLB-STT-SHP-002	magnesium	14.41	mg	32.7962	mg/100g	3	14.4100	32.7962	+127.59	MISMATCH
SF-CLB-STT-SHP-002	phosphorus	270.9	mg	246.3382	mg/100g	3	270.9000	246.3382	-9.07	MISMATCH
SF-CLB-STT-SHP-002	manganese	5.96	mcg	0.0418	mg/100g	3	0.0060	0.0418	+600.78	MISMATCH
SF-CLB-STT-SHP-002	vitamin_d	9.01	mcg	7.9767	mcg/100g	3	0.0090	0.0080	-11.47	MISMATCH
SF-CLB-STT-SHP-002	arsenic	13.0	mcg	36.8000	mcg/100g	3	0.0130	0.0368	+183.08	MISMATCH
SF-CLB-STT-SHP-002	cholesterol	41.0	mg	56.8039	mg/100g	3	41.0000	56.8039	+38.55	MISMATCH
SF-CLB-STT-SHP-009	epa	262.0	mg	0.2314	g/100g	3	262.0000	231.4250	-11.67	MISMATCH
SF-CLB-STT-SHP-009	dha	589.0	mg	0.5212	g/100g	3	589.0000	521.1516	-11.52	MISMATCH
SF-CLB-STT-SHP-009	ala	1330.0	mg	1.1728	g/100g	3	1330.0000	1172.8025	-11.82	MISMATCH
SF-CLB-STT-SHP-009	ara	96.1	mg	0.0642	g/100g	3	96.1000	64.2107	-33.18	MISMATCH
SF-CLB-STT-SHP-009	omega6	2460.0	mg	2.1733	g/100g	3	2460.0000	2173.3330	-11.65	MISMATCH
SF-CLB-STT-SHP-009	total_omega3	2181.0	mg	2.1186	g/100g	3	2181.0000	2118.5924	-2.86	OK
SF-CLB-STT-SHP-009	omega6_3_ratio	1.03	ratio	1.0256	#	3	1.0300	1.0256	-0.43	OK
SF-CLB-STT-SHP-009	protein	20.8	g	20.9333	g/100g	3	20800.0000	20933.3333	+0.64	OK
SF-CLB-STT-SHP-009	selenium	22.1	mcg	19.6000	mcg/100g	3	0.0221	0.0196	-11.31	MISMATCH
SF-CLB-STT-SHP-009	zinc	154.7	mcg	0.3894	mg/100g	3	0.1547	0.3894	+151.69	MISMATCH
SF-CLB-STT-SHP-009	copper	20.86	mcg	0.0250	mg/100g	3	0.0209	0.0250	+20.01	MISMATCH
SF-CLB-STT-SHP-009	magnesium	14.41	mg	32.7962	mg/100g	3	14.4100	32.7962	+127.59	MISMATCH
SF-CLB-STT-SHP-009	phosphorus	270.9	mg	246.3382	mg/100g	3	270.9000	246.3382	-9.07	MISMATCH
SF-CLB-STT-SHP-009	manganese	5.96	mcg	0.0418	mg/100g	3	0.0060	0.0418	+600.78	MISMATCH
SF-CLB-STT-SHP-009	vitamin_d	9.01	mcg	7.9767	mcg/100g	3	0.0090	0.0080	-11.47	MISMATCH
SF-CLB-STT-SHP-009	arsenic	13.0	mcg	36.8000	mcg/100g	3	0.0130	0.0368	+183.08	MISMATCH
SF-CLB-STT-SHP-009	cholesterol	41.0	mg	56.8039	mg/100g	3	41.0000	56.8039	+38.55	MISMATCH
SF-EST-BRZ-SHP-001	epa	304.0	mg	0.2689	g/100g	6	304.0000	268.8740	-11.55	MISMATCH
SF-EST-BRZ-SHP-001	dha	598.0	mg	0.5288	g/100g	6	598.0000	528.8365	-11.57	MISMATCH
SF-EST-BRZ-SHP-001	ala	880.0	mg	0.7788	g/100g	6	880.0000	778.7589	-11.50	MISMATCH
SF-EST-BRZ-SHP-001	ara	59.9	mg	0.0578	g/100g	6	59.9000	57.8023	-3.50	OK
SF-EST-BRZ-SHP-001	omega6	1750.0	mg	1.5440	g/100g	6	1750.0000	1544.0258	-11.77	MISMATCH
SF-EST-BRZ-SHP-001	total_omega3	1782.0	mg	1.7254	g/100g	6	1782.0000	1725.4184	-3.18	OK
SF-EST-BRZ-SHP-001	omega6_3_ratio	0.921	ratio	0.9215	#	6	0.9210	0.9215	+0.05	OK
SF-EST-BRZ-SHP-001	protein	21.1	g	21.5167	g/100g	6	21100.0000	21516.6667	+1.97	OK
SF-EST-BRZ-SHP-001	selenium	18.1	mcg	15.9833	mcg/100g	6	0.0181	0.0160	-11.69	MISMATCH
SF-EST-BRZ-SHP-001	zinc	403.3	mcg	1.1948	mg/100g	6	0.4033	1.1948	+196.25	MISMATCH
SF-EST-BRZ-SHP-001	copper	21.36	mcg	0.0341	mg/100g	6	0.0214	0.0341	+59.57	MISMATCH
SF-EST-BRZ-SHP-001	magnesium	13.95	mg	35.8612	mg/100g	6	13.9500	35.8612	+157.07	MISMATCH
SF-EST-BRZ-SHP-001	phosphorus	219.6	mg	215.8160	mg/100g	6	219.6000	215.8160	-1.72	OK
SF-EST-BRZ-SHP-001	manganese	19.83	mcg	0.0185	mg/100g	6	0.0198	0.0185	-6.79	MISMATCH
SF-EST-BRZ-SHP-001	vitamin_d	4.36	mcg	3.8550	mcg/100g	6	0.0044	0.0039	-11.58	MISMATCH
SF-EST-BRZ-SHP-001	mercury	100.0	ppb	0.2333	mcg/100g	6	0.0100	0.0002	-97.67	MISMATCH
SF-EST-BRZ-SHP-001	arsenic	85.0	mcg	86.0500	mcg/100g	6	0.0850	0.0861	+1.24	OK
SF-EST-BRZ-SHP-001	cholesterol	60.0	mg	87.6497	mg/100g	6	60.0000	87.6497	+46.08	MISMATCH
SF-EST-BRE-SHP-001	epa	195.6	mg	0.1958	g/100g	6	195.6000	195.7747	+0.09	OK
SF-EST-BRE-SHP-001	dha	501.8	mg	0.5021	g/100g	6	501.8000	502.1104	+0.06	OK
SF-EST-BRE-SHP-001	ala	569.0	mg	0.5693	g/100g	6	569.0000	569.3194	+0.06	OK
SF-EST-BRE-SHP-001	ara	62.6	mg	0.0588	g/100g	6	62.6000	58.8209	-6.04	MISMATCH
SF-EST-BRE-SHP-001	omega6	1540.0	mg	1.5369	g/100g	6	1540.0000	1536.9059	-0.20	OK
SF-EST-BRE-SHP-001	total_omega3	1442.0	mg	1.4393	g/100g	6	1442.0000	1439.3082	-0.19	OK
SF-EST-BRE-SHP-001	omega6_3_ratio	1.09	ratio	1.0942	#	6	1.0900	1.0942	+0.38	OK
SF-EST-BRE-SHP-001	protein	21.24	g	21.0167	g/100g	6	21240.0000	21016.6667	-1.05	OK
SF-EST-BRE-SHP-001	selenium	16.73	mcg	16.7333	mcg/100g	6	0.0167	0.0167	+0.02	OK
SF-EST-BRE-SHP-001	zinc	803.5	mcg	0.8032	mg/100g	6	0.8035	0.8032	-0.04	OK
SF-EST-BRE-SHP-001	copper	19.47	mcg	0.0192	mg/100g	6	0.0195	0.0192	-1.22	OK
SF-EST-BRE-SHP-001	magnesium	32.74	mg	32.7011	mg/100g	6	32.7400	32.7011	-0.12	OK
SF-EST-BRE-SHP-001	phosphorus	248.7	mg	248.3815	mg/100g	6	248.7000	248.3815	-0.13	OK
SF-EST-BRE-SHP-001	manganese	12.39	mcg	0.0121	mg/100g	6	0.0124	0.0121	-2.07	OK
SF-EST-BRE-SHP-001	iron	0.395	mg	0.3951	mg/100g	6	0.3950	0.3951	+0.01	OK
SF-EST-BRE-SHP-001	vitamin_d	13.27	mcg	13.2650	mcg/100g	6	0.0133	0.0133	-0.04	OK
SF-EST-BRE-SHP-001	vitamin_a	2.48	mcg	2.4783	mcg rae/100g	6	0.0025	0.0025	-0.07	OK
SF-EST-BRE-SHP-001	arsenic	146.0	mcg	146.0500	mcg/100g	6	0.1460	0.1461	+0.03	OK
SF-EST-BRE-SHP-001	cholesterol	102.7	mg	102.7592	mg/100g	6	102.7000	102.7592	+0.06	OK
SF-EST-BRE-SHP-001	saturated_fat	2.673	g	2.6710	g/100g	6	2673.0000	2670.9686	-0.08	OK
SF-EST-BRE-SHP-001	polyunsaturated_fat	2.973	g	2.9762	g/100g	6	2973.0000	2976.2141	+0.11	OK
SF-EST-BRE-SHP-001	vitamin_b1	0.1416	mg	0.1417	mg/100g	6	0.1416	0.1417	+0.10	OK
SF-EST-BRE-SHP-001	vitamin_b2	0.0956	mg	0.0959	mg/100g	6	0.0956	0.0959	+0.31	OK
SF-EST-BRE-SHP-001	vitamin_b5	0.4142	mg	0.4142	mg/100g	6	0.4142	0.4142	-0.01	OK
SF-EST-BRE-SHP-001	vitamin_b6	0.2549	mg	0.2553	mg/100g	6	0.2549	0.2553	+0.15	OK
SF-KFC-YLT-SHP-001	epa	187.0	mg	0.1652	g/100g	3	187.0000	165.2135	-11.65	MISMATCH
SF-KFC-YLT-SHP-001	dha	546.0	mg	0.4834	g/100g	3	546.0000	483.3533	-11.47	MISMATCH
SF-KFC-YLT-SHP-001	ala	156.0	mg	0.1384	g/100g	3	156.0000	138.4091	-11.28	MISMATCH
SF-KFC-YLT-SHP-001	ara	27.0	mg	0.0185	g/100g	3	27.0000	18.5473	-31.31	MISMATCH
SF-KFC-YLT-SHP-001	omega6	557.0	mg	0.4928	g/100g	3	557.0000	492.7528	-11.53	MISMATCH
SF-KFC-YLT-SHP-001	total_omega3	889.0	mg	0.9180	g/100g	3	889.0000	918.0077	+3.26	OK
SF-KFC-YLT-SHP-001	omega6_3_ratio	0.537	ratio	0.5370	#	3	0.5370	0.5370	+0.00	OK
SF-KFC-YLT-SHP-001	protein	23.4	g	23.5000	g/100g	3	23400.0000	23500.0000	+0.43	OK
SF-KFC-YLT-SHP-001	selenium	21.5	mcg	19.0667	mcg/100g	3	0.0215	0.0191	-11.32	MISMATCH
SF-KFC-YLT-SHP-001	copper	29.97	mcg	0.0573	mg/100g	3	0.0300	0.0573	+91.30	MISMATCH
SF-KFC-YLT-SHP-001	magnesium	27.4	mg	39.1153	mg/100g	3	27.4000	39.1153	+42.76	MISMATCH
SF-KFC-YLT-SHP-001	phosphorus	227.4	mg	267.9871	mg/100g	3	227.4000	267.9871	+17.85	MISMATCH
SF-KFC-YLT-SHP-001	manganese	7.21	mcg	0.0076	mg/100g	3	0.0072	0.0076	+4.95	OK
SF-KFC-YLT-SHP-001	vitamin_d	2.19	mcg	1.9375	mcg/100g	3	0.0022	0.0019	-11.53	MISMATCH
SF-KFC-YLT-SHP-001	arsenic	36.91	mcg	41.4667	mcg/100g	3	0.0369	0.0415	+12.35	MISMATCH
SF-AUS-BRM-SHP-001	epa	31.0	mg	0.0272	g/100g	3	31.0000	27.2123	-12.22	MISMATCH
SF-AUS-BRM-SHP-001	dha	92.0	mg	0.0816	g/100g	3	92.0000	81.5560	-11.35	MISMATCH
SF-AUS-BRM-SHP-001	ala	33.0	mg	0.0294	g/100g	3	33.0000	29.3998	-10.91	MISMATCH
SF-AUS-BRM-SHP-001	ara	26.0	mg	0.0335	g/100g	3	26.0000	33.5195	+28.92	MISMATCH
SF-AUS-BRM-SHP-001	omega6	502.0	mg	0.4444	g/100g	3	502.0000	444.4486	-11.46	MISMATCH
SF-AUS-BRM-SHP-001	total_omega3	156.0	mg	0.1629	g/100g	3	156.0000	162.8782	+4.41	OK
SF-AUS-BRM-SHP-001	omega6_3_ratio	2.68	ratio	2.6843	#	3	2.6800	2.6843	+0.16	OK
SF-AUS-BRM-SHP-001	protein	21.0	g	21.0333	g/100g	3	21000.0000	21033.3333	+0.16	OK
SF-AUS-BRM-SHP-001	selenium	23.0	mcg	20.3333	mcg/100g	3	0.0230	0.0203	-11.59	MISMATCH
SF-AUS-BRM-SHP-001	zinc	376.4	mcg	0.1048	mg/100g	2	0.3764	0.1048	-72.17	MISMATCH
SF-AUS-BRM-SHP-001	copper	7.31	mcg	0.0171	mg/100g	3	0.0073	0.0171	+134.38	MISMATCH
SF-AUS-BRM-SHP-001	magnesium	28.39	mg	31.5362	mg/100g	3	28.3900	31.5362	+11.08	MISMATCH
SF-AUS-BRM-SHP-001	phosphorus	179.7	mg	181.9660	mg/100g	3	179.7000	181.9660	+1.26	OK
SF-AUS-BRM-SHP-001	manganese	10.55	mcg	0.0072	mg/100g	3	0.0106	0.0072	-31.75	MISMATCH
SF-AUS-BRM-SHP-001	vitamin_d	0.0	mcg	0.0000	mcg/100g	3	0.0000	0.0000	+0.00	OK
SF-AUS-BRM-SHP-001	arsenic	438.7	mcg	165.3667	mcg/100g	3	0.4387	0.1654	-62.31	MISMATCH
SF-AUS-BRM-SHP-005	epa	31.0	mg	0.0272	g/100g	3	31.0000	27.2123	-12.22	MISMATCH
SF-AUS-BRM-SHP-005	dha	92.0	mg	0.0816	g/100g	3	92.0000	81.5560	-11.35	MISMATCH
SF-AUS-BRM-SHP-005	ala	33.0	mg	0.0294	g/100g	3	33.0000	29.3998	-10.91	MISMATCH
SF-AUS-BRM-SHP-005	ara	26.0	mg	0.0335	g/100g	3	26.0000	33.5195	+28.92	MISMATCH
SF-AUS-BRM-SHP-005	omega6	502.0	mg	0.4444	g/100g	3	502.0000	444.4486	-11.46	MISMATCH
SF-AUS-BRM-SHP-005	total_omega3	156.0	mg	0.1629	g/100g	3	156.0000	162.8782	+4.41	OK
SF-AUS-BRM-SHP-005	omega6_3_ratio	2.68	ratio	2.6843	#	3	2.6800	2.6843	+0.16	OK
SF-AUS-BRM-SHP-005	protein	21.0	g	21.0333	g/100g	3	21000.0000	21033.3333	+0.16	OK
SF-AUS-BRM-SHP-005	selenium	23.0	mcg	20.3333	mcg/100g	3	0.0230	0.0203	-11.59	MISMATCH
SF-AUS-BRM-SHP-005	zinc	376.4	mcg	0.1048	mg/100g	2	0.3764	0.1048	-72.17	MISMATCH
SF-AUS-BRM-SHP-005	copper	7.31	mcg	0.0171	mg/100g	3	0.0073	0.0171	+134.38	MISMATCH
SF-AUS-BRM-SHP-005	magnesium	28.39	mg	31.5362	mg/100g	3	28.3900	31.5362	+11.08	MISMATCH
SF-AUS-BRM-SHP-005	phosphorus	179.7	mg	181.9660	mg/100g	3	179.7000	181.9660	+1.26	OK
SF-AUS-BRM-SHP-005	manganese	10.55	mcg	0.0072	mg/100g	3	0.0106	0.0072	-31.75	MISMATCH
SF-AUS-BRM-SHP-005	vitamin_d	0.0	mcg	0.0000	mcg/100g	3	0.0000	0.0000	+0.00	OK
SF-AUS-BRM-SHP-005	arsenic	438.7	mcg	165.3667	mcg/100g	3	0.4387	0.1654	-62.31	MISMATCH
SF-AUS-BRM-SHP-009	epa	31.0	mg	0.0272	g/100g	3	31.0000	27.2123	-12.22	MISMATCH
SF-AUS-BRM-SHP-009	dha	92.0	mg	0.0816	g/100g	3	92.0000	81.5560	-11.35	MISMATCH
SF-AUS-BRM-SHP-009	ala	33.0	mg	0.0294	g/100g	3	33.0000	29.3998	-10.91	MISMATCH
SF-AUS-BRM-SHP-009	ara	26.0	mg	0.0335	g/100g	3	26.0000	33.5195	+28.92	MISMATCH
SF-AUS-BRM-SHP-009	omega6	502.0	mg	0.4444	g/100g	3	502.0000	444.4486	-11.46	MISMATCH
SF-AUS-BRM-SHP-009	total_omega3	156.0	mg	0.1629	g/100g	3	156.0000	162.8782	+4.41	OK
SF-AUS-BRM-SHP-009	omega6_3_ratio	2.68	ratio	2.6843	#	3	2.6800	2.6843	+0.16	OK
SF-AUS-BRM-SHP-009	protein	21.0	g	21.0333	g/100g	3	21000.0000	21033.3333	+0.16	OK
SF-AUS-BRM-SHP-009	selenium	23.0	mcg	20.3333	mcg/100g	3	0.0230	0.0203	-11.59	MISMATCH
SF-AUS-BRM-SHP-009	zinc	376.4	mcg	0.1048	mg/100g	2	0.3764	0.1048	-72.17	MISMATCH
SF-AUS-BRM-SHP-009	copper	7.31	mcg	0.0171	mg/100g	3	0.0073	0.0171	+134.38	MISMATCH
SF-AUS-BRM-SHP-009	magnesium	28.39	mg	31.5362	mg/100g	3	28.3900	31.5362	+11.08	MISMATCH
SF-AUS-BRM-SHP-009	phosphorus	179.7	mg	181.9660	mg/100g	3	179.7000	181.9660	+1.26	OK
SF-AUS-BRM-SHP-009	manganese	10.55	mcg	0.0072	mg/100g	3	0.0106	0.0072	-31.75	MISMATCH
SF-AUS-BRM-SHP-009	vitamin_d	0.0	mcg	0.0000	mcg/100g	3	0.0000	0.0000	+0.00	OK
SF-AUS-BRM-SHP-009	arsenic	438.7	mcg	165.3667	mcg/100g	3	0.4387	0.1654	-62.31	MISMATCH
SF-MCF-RBT-BLK-001	epa	241.09	mg	0.2411	g/100g	6	241.0900	241.0856	-0.00	OK
SF-MCF-RBT-BLK-001	dha	591.27	mg	0.5913	g/100g	6	591.2700	591.2722	+0.00	OK
SF-MCF-RBT-BLK-001	ala	1127.44	mg	1.1274	g/100g	6	1127.4400	1127.4366	-0.00	OK
SF-MCF-RBT-BLK-001	ara	59.63	mg	0.0596	g/100g	6	59.6300	59.6348	+0.01	OK
SF-MCF-RBT-BLK-001	omega6	1230.96	mg	1.2310	g/100g	6	1230.9600	1230.9617	+0.00	OK
SF-MCF-RBT-BLK-001	total_omega3	2118.25	mg	2.1182	g/100g	6	2118.2500	2118.2494	-0.00	OK
SF-MCF-RBT-BLK-001	omega6_3_ratio	0.58	ratio	0.5817	#	6	0.5800	0.5817	+0.30	OK
SF-MCF-RBT-BLK-001	protein	22.13	g	22.1333	g/100g	6	22130.0000	22133.3333	+0.02	OK
SF-MCF-RBT-BLK-001	selenium	29.15	mcg	29.1500	mcg/100g	6	0.0291	0.0291	+0.00	OK
SF-MCF-RBT-BLK-001	zinc	0.82	mg	0.8180	mg/100g	6	0.8200	0.8180	-0.24	OK
SF-MCF-RBT-BLK-001	copper	0.08	mg	0.0773	mg/100g	6	0.0800	0.0773	-3.40	OK
SF-MCF-RBT-BLK-001	magnesium	36.73	mg	36.7306	mg/100g	6	36.7300	36.7306	+0.00	OK
SF-MCF-RBT-BLK-001	phosphorus	262.27	mg	262.2664	mg/100g	6	262.2700	262.2664	-0.00	OK
SF-MCF-RBT-BLK-001	manganese	0.02	mg	0.0153	mg/100g	6	0.0200	0.0153	-23.58	MISMATCH
SF-MCF-RBT-BLK-001	iron	0.57	mg	0.5748	mg/100g	6	0.5700	0.5748	+0.84	OK
SF-MCF-RBT-BLK-001	vitamin_d	16.14	mcg	16.1417	mcg/100g	6	0.0161	0.0161	+0.01	OK
SF-MCF-RBT-BLK-001	vitamin_a	17.55	mcg RAE	17.5533	mcg rae/100g	6	0.0175	0.0176	+0.02	OK
SF-MCF-RBT-BLK-001	arsenic	7.53	mcg	7.5333	mcg/100g	6	0.0075	0.0075	+0.04	OK
SF-MCF-RBT-BLK-001	cholesterol	61.44	mg	61.4424	mg/100g	6	61.4400	61.4424	+0.00	OK
SF-MCF-RBT-BLK-001	saturated_fat	1.67	g	1.6713	g/100g	6	1670.0000	1671.2808	+0.08	OK
SF-MCF-RBT-BLK-001	polyunsat_fat	3.35	g	3.3492	g/100g	6	3350.0000	3349.2111	-0.02	OK
SF-MCF-RBT-BLK-001	pufa_sfa_ratio	2.0	ratio	2.0349	#	6	2.0000	2.0349	+1.74	OK
SF-MCF-RBT-BLK-001	fat_protein_ratio	0.31	ratio	0.3097	#	6	0.3100	0.3097	-0.11	OK
SF-MCF-RBT-BLK-001	vitamin_b1	0.14	mg	0.1409	mg/100g	6	0.1400	0.1409	+0.62	OK
SF-MCF-RBT-BLK-001	vitamin_b2	0.14	mg	0.1361	mg/100g	6	0.1400	0.1361	-2.76	OK
SF-MCF-RBT-BLK-001	vitamin_b5	1.43	mg	1.4289	mg/100g	6	1.4300	1.4289	-0.08	OK
SF-MCF-RBT-BLK-001	vitamin_b6	0.27	mg	0.2670	mg/100g	6	0.2700	0.2670	-1.12	OK
SF-MAR-OST-BLK-001	epa	497.8	mg	0.4343	g/100g	3	497.8000	434.2933	-12.76	MISMATCH
SF-MAR-OST-BLK-001	dha	1250.7	mg	1.0415	g/100g	3	1250.7000	1041.5343	-16.72	MISMATCH
SF-MAR-OST-BLK-001	ala	161.7	mg	0.1577	g/100g	3	161.7000	157.7322	-2.45	OK
SF-MAR-OST-BLK-001	ara	366.8	mg	0.4072	g/100g	3	366.8000	407.2340	+11.02	MISMATCH
SF-MAR-OST-BLK-001	omega6	2790.0	mg	2.8322	g/100g	3	2790.0000	2832.1953	+1.51	OK
SF-MAR-OST-BLK-001	total_omega3	1910.2	mg	1.9002	g/100g	3	1910.2000	1900.1935	-0.52	OK
SF-MAR-OST-BLK-001	omega6_3_ratio	1.446	ratio	1.4995	#	3	1.4460	1.4995	+3.70	OK
SF-MAR-OST-BLK-001	protein	26.1	g	27.1333	g/100g	3	26100.0000	27133.3333	+3.96	OK
SF-MAR-OST-BLK-001	selenium	63.3	mcg	68.7667	mcg/100g	3	0.0633	0.0688	+8.64	MISMATCH
SF-MAR-OST-BLK-001	zinc	2075.7	mcg	2.2572	mg/100g	3	2.0757	2.2572	+8.74	MISMATCH
SF-MAR-OST-BLK-001	copper	126.6	mcg	0.1594	mg/100g	3	0.1266	0.1594	+25.88	MISMATCH
SF-MAR-OST-BLK-001	magnesium	26.97	mg	34.4256	mg/100g	3	26.9700	34.4256	+27.64	MISMATCH
SF-MAR-OST-BLK-001	phosphorus	445.1	mg	479.1037	mg/100g	3	445.1000	479.1037	+7.64	MISMATCH
SF-MAR-OST-BLK-001	manganese	137.4	mcg	0.0947	mg/100g	3	0.1374	0.0947	-31.05	MISMATCH
SF-MAR-OST-BLK-001	vitamin_d	0.0	mcg	3.3407	mcg/100g	3	0.0000	0.0033	+inf	MISMATCH
SF-MAR-OST-BLK-001	arsenic	18.09	mcg	11.5000	mcg/100g	3	0.0181	0.0115	-36.43	MISMATCH
SF-YRV-SLC-BLK-001	epa	513.8	mg	0.4467	g/100g	3	513.8000	446.6622	-13.07	MISMATCH
SF-YRV-SLC-BLK-001	dha	2292.4	mg	1.3057	g/100g	3	2292.4000	1305.6677	-43.04	MISMATCH
SF-YRV-SLC-BLK-001	ala	142.4	mg	0.1353	g/100g	3	142.4000	135.2897	-4.99	OK
SF-YRV-SLC-BLK-001	ara	182.2	mg	0.1865	g/100g	3	182.2000	186.5149	+2.37	OK
SF-YRV-SLC-BLK-001	omega6	2850.0	mg	1.0780	g/100g	3	2850.0000	1078.0495	-62.17	MISMATCH
SF-YRV-SLC-BLK-001	total_omega3	2948.6	mg	2.1924	g/100g	3	2948.6000	2192.4363	-25.64	MISMATCH
SF-YRV-SLC-BLK-001	omega6_3_ratio	0.833	ratio	0.4899	#	3	0.8330	0.4899	-41.18	MISMATCH
SF-YRV-SLC-BLK-001	protein	26.1	g	25.7000	g/100g	3	26100.0000	25700.0000	-1.53	OK
SF-YRV-SLC-BLK-001	selenium	99.1	mcg	90.8667	mcg/100g	3	0.0991	0.0909	-8.31	MISMATCH
SF-YRV-SLC-BLK-001	zinc	2570.4	mcg	1.9864	mg/100g	3	2.5704	1.9864	-22.72	MISMATCH
SF-YRV-SLC-BLK-001	copper	150.4	mcg	0.1715	mg/100g	3	0.1504	0.1715	+14.05	MISMATCH
SF-YRV-SLC-BLK-001	magnesium	48.04	mg	62.5898	mg/100g	3	48.0400	62.5898	+30.29	MISMATCH
SF-YRV-SLC-BLK-001	phosphorus	476.4	mg	502.1473	mg/100g	3	476.4000	502.1473	+5.40	MISMATCH
SF-YRV-SLC-BLK-001	manganese	385.3	mcg	0.3503	mg/100g	3	0.3853	0.3503	-9.09	MISMATCH
SF-YRV-SLC-BLK-001	vitamin_d	2.0	mcg	5.1508	mcg/100g	3	0.0020	0.0052	+157.54	MISMATCH
SF-SEC-SCL-SHP-001	epa	51.0	mg	0.0602	g/100g	3	51.0000	60.1535	+17.95	MISMATCH
SF-SEC-SCL-SHP-001	dha	35.0	mg	0.0411	g/100g	3	35.0000	41.0982	+17.42	MISMATCH
SF-SEC-SCL-SHP-001	ala	3.0	mg	0.0034	g/100g	3	3.0000	3.3952	+13.17	MISMATCH
SF-SEC-SCL-SHP-001	ara	5.3	mg	0.0168	g/100g	3	5.3000	16.7785	+216.58	MISMATCH
SF-SEC-SCL-SHP-001	omega6	34.0	mg	0.0394	g/100g	3	34.0000	39.4361	+15.99	MISMATCH
SF-SEC-SCL-SHP-001	total_omega3	89.0	mg	0.1175	g/100g	3	89.0000	117.4680	+31.99	MISMATCH
SF-SEC-SCL-SHP-001	omega6_3_ratio	0.337	ratio	0.3366	#	3	0.3370	0.3366	-0.12	OK
SF-SEC-SCL-SHP-001	protein	24.1	g	14.4333	g/100g	3	24100.0000	14433.3333	-40.11	MISMATCH
SF-SEC-SCL-SHP-001	selenium	20.0	mcg	13.0333	mcg/100g	3	0.0200	0.0130	-34.83	MISMATCH
SF-SEC-SCL-SHP-001	zinc	4599.6	mcg	0.5364	mg/100g	3	4.5996	0.5364	-88.34	MISMATCH
SF-SEC-SCL-SHP-001	copper	12.72	mcg	0.0133	mg/100g	3	0.0127	0.0133	+4.30	OK
SF-SEC-SCL-SHP-001	magnesium	204.2	mg	36.3364	mg/100g	3	204.2000	36.3364	-82.21	MISMATCH
SF-SEC-SCL-SHP-001	phosphorus	234.3	mg	205.2569	mg/100g	3	234.3000	205.2569	-12.40	MISMATCH
SF-SEC-SCL-SHP-001	manganese	8.32	mcg	0.0076	mg/100g	3	0.0083	0.0076	-9.05	MISMATCH
SF-SEC-SCL-SHP-001	vitamin_d	0.0	mcg	0.0000	mcg/100g	3	0.0000	0.0000	+0.00	OK
SF-SEC-SCL-SHP-001	arsenic	47.0	mcg	47.4667	mcg/100g	3	0.0470	0.0475	+0.99	OK
SF-SEC-SCL-SHP-001	cholesterol	23.0	mg	26.9231	mg/100g	3	23.0000	26.9231	+17.06	MISMATCH
SF-SEC-SCL-SHP-009	epa	51.0	mg	0.0602	g/100g	3	51.0000	60.1535	+17.95	MISMATCH
SF-SEC-SCL-SHP-009	dha	35.0	mg	0.0411	g/100g	3	35.0000	41.0982	+17.42	MISMATCH
SF-SEC-SCL-SHP-009	ala	3.0	mg	0.0034	g/100g	3	3.0000	3.3952	+13.17	MISMATCH
SF-SEC-SCL-SHP-009	ara	5.3	mg	0.0168	g/100g	3	5.3000	16.7785	+216.58	MISMATCH
SF-SEC-SCL-SHP-009	omega6	34.0	mg	0.0394	g/100g	3	34.0000	39.4361	+15.99	MISMATCH
SF-SEC-SCL-SHP-009	total_omega3	89.0	mg	0.1175	g/100g	3	89.0000	117.4680	+31.99	MISMATCH
SF-SEC-SCL-SHP-009	omega6_3_ratio	0.337	ratio	0.3366	#	3	0.3370	0.3366	-0.12	OK
SF-SEC-SCL-SHP-009	protein	24.1	g	14.4333	g/100g	3	24100.0000	14433.3333	-40.11	MISMATCH
SF-SEC-SCL-SHP-009	selenium	20.0	mcg	13.0333	mcg/100g	3	0.0200	0.0130	-34.83	MISMATCH
SF-SEC-SCL-SHP-009	zinc	4599.6	mcg	0.5364	mg/100g	3	4.5996	0.5364	-88.34	MISMATCH
SF-SEC-SCL-SHP-009	copper	12.72	mcg	0.0133	mg/100g	3	0.0127	0.0133	+4.30	OK
SF-SEC-SCL-SHP-009	magnesium	204.2	mg	36.3364	mg/100g	3	204.2000	36.3364	-82.21	MISMATCH
SF-SEC-SCL-SHP-009	phosphorus	234.3	mg	205.2569	mg/100g	3	234.3000	205.2569	-12.40	MISMATCH
SF-SEC-SCL-SHP-009	manganese	8.32	mcg	0.0076	mg/100g	3	0.0083	0.0076	-9.05	MISMATCH
SF-SEC-SCL-SHP-009	vitamin_d	0.0	mcg	0.0000	mcg/100g	3	0.0000	0.0000	+0.00	OK
SF-SEC-SCL-SHP-009	arsenic	47.0	mcg	47.4667	mcg/100g	3	0.0470	0.0475	+0.99	OK
SF-SEC-SCL-SHP-009	cholesterol	23.0	mg	26.9231	mg/100g	3	23.0000	26.9231	+17.06	MISMATCH
SF-TAR-BTS-SHP-001	epa	15.0	mg	0.0171	g/100g	3	15.0000	17.1499	+14.33	MISMATCH
SF-TAR-BTS-SHP-001	dha	17.0	mg	0.0196	g/100g	3	17.0000	19.5777	+15.16	MISMATCH
SF-TAR-BTS-SHP-001	ala	7.0	mg	0.0079	g/100g	3	7.0000	7.9329	+13.33	MISMATCH
SF-TAR-BTS-SHP-001	ara	88.3	mg	0.0287	g/100g	3	88.3000	28.6746	-67.53	MISMATCH
SF-TAR-BTS-SHP-001	omega6	51.0	mg	0.0597	g/100g	3	51.0000	59.7456	+17.15	MISMATCH
SF-TAR-BTS-SHP-001	total_omega3	39.0	mg	0.0481	g/100g	3	39.0000	48.0671	+23.25	MISMATCH
SF-TAR-BTS-SHP-001	omega6_3_ratio	1.22	ratio	1.2185	#	3	1.2200	1.2185	-0.13	OK
SF-TAR-BTS-SHP-001	protein	18.0	g	18.3000	g/100g	3	18000.0000	18300.0000	+1.67	OK
SF-TAR-BTS-SHP-001	selenium	13.5	mcg	15.8667	mcg/100g	3	0.0135	0.0159	+17.53	MISMATCH
SF-TAR-BTS-SHP-001	zinc	1118.7	mcg	0.8697	mg/100g	3	1.1187	0.8697	-22.26	MISMATCH
SF-TAR-BTS-SHP-001	copper	149.8	mcg	0.2033	mg/100g	3	0.1498	0.2033	+35.69	MISMATCH
SF-TAR-BTS-SHP-001	magnesium	27.25	mg	39.6435	mg/100g	3	27.2500	39.6435	+45.48	MISMATCH
SF-TAR-BTS-SHP-001	phosphorus	149.8	mg	191.5198	mg/100g	3	149.8000	191.5198	+27.85	MISMATCH
SF-TAR-BTS-SHP-001	manganese	33.28	mcg	0.0154	mg/100g	3	0.0333	0.0154	-53.63	MISMATCH
SF-TAR-BTS-SHP-001	vitamin_d	0.0	mcg	0.0000	mcg/100g	3	0.0000	0.0000	+0.00	OK
SF-TAR-BTS-SHP-001	arsenic	57.1	mcg	98.9000	mcg/100g	3	0.0571	0.0989	+73.20	MISMATCH
